target,name,sequence,type,set,segment
ANDV1,f1,GCAGCTGTGTCTACATTGGAGAC,F,1,HA
ANDV1,r1,GCTCCTATAGCCTTCCAATCAGC,R,1,HA
ANDV1,P1 HA PROBE,ACAAAACCAGTTGATCCA,P,1,HA
ANDV2,F1,GCAGCTGTGTCTACATTGGAGAC,F,2,HA
ANDV2,R1,GCTCCTATAGCCTTCCAATCAGC,R,2,HA
ANDV2,P2,ATCCAACAGGGCTTGAG,P,2,HA
ANDV3,S130f1,AAGGCAGTGGAGGTGGAC,F,3,HA
ANDV3,S291r1,CCCTGTTGGATCAACTGGTT,R,3,HA
ANDV3,S183P1PROBE,ACGGGCAGCTGTGTCTACATTGGA,P,3,HA
ANDV4,F2,ATGGAAGGGTGGTATYTGRTT,F,4,HA
ANDV4,R2,TAMCCTTGACCBAGWCCCACAG,R,4,HA
ANDV4,P2PROBE,TCTGCTMTACRYTGACACTGGCAATGCC,P,4,HA